+22:23179704-23318037	+9:130713946-130887675	Mitelman
+22:23179704-23318037	-8:38411138-38468834	Mitelman
+22:23179704-23318037	+9:4984390-5128183	Mitelman
+22:23179704-23318037	+4:54229097-54298247	Mitelman
-17:50183289-50201632	-22:39223359-39244751	Mitelman
+22:41091786-41180079	-12:6666477-6689572	Mitelman
+22:29268009-29300525	+12:50763710-50821122	Mitelman
+22:29268009-29300525	+2:207529737-207603431	Mitelman
+22:29268009-29300525	+11:46277661-46321422	Mitelman
+22:29268009-29300525	-7:137874979-138002067	Mitelman
+22:29268009-29300525	+10:35126791-35212958	Mitelman
+22:29268009-29300525	-12:57516588-57521737	Mitelman
+22:29268009-29300525	-21:38380027-38661780	Mitelman
+22:29268009-29300525	-7:13891228-13991425	Mitelman
+22:29268009-29300525	-17:43527844-43579620	Mitelman
+22:29268009-29300525	-2:218981087-218985657	Mitelman
+22:29268009-29300525	+11:128686535-128813267	Mitelman
+22:29268009-29300525	-20:51386957-51562831	Mitelman
+22:29268009-29300525	+9:99821855-99866891	Mitelman
+22:29268009-29300525	-22:31325804-31346232	Mitelman
+22:29268009-29300525	+1:164555584-164899296	Mitelman
+22:29268009-29300525	+9:125747345-125967377	Mitelman
+22:29268009-29300525	-6:31164337-31180731	Mitelman
+22:29268009-29300525	-11:32387775-32435630	Mitelman
+22:29268009-29300525	-12:6666477-6689572	Mitelman
+22:29268009-29300525	+19:56132599-56160893	Mitelman
-8:38411138-38468834	+22:23179704-23318037	Mitelman
22:22026076-23580239	18:63073346-63370128	Mitelman
18:63073346-63370128	22:22026076-23580239	Mitelman
22:22026076-23580239	3:187671377-187795727	Mitelman
3:187671377-187795727	22:22026076-23580239	Mitelman
22:22026076-23580239	11:69591087-69704474	Mitelman
11:69591087-69704474	22:22026076-23580239	Mitelman
22:22026076-23580239	8:127685434-127791434	Mitelman
8:127685434-127791434	22:22026076-23580239	Mitelman
-8:41929479-42051990	+22:41091786-41180079	Mitelman
+11:118436490-118526832	+22:41091786-41180079	Mitelman
+11:118436490-118526832	+22:19714464-19724224	Mitelman
-22:40410281-40636702	+8:47260575-47736306	Mitelman
-22:27748277-27801498	+12:11649854-11895402	Mitelman
-22:36281277-36388067	-2:29192774-29921566	Mitelman
+1:110338506-110346681	-22:40410281-40636702	Mitelman
+22:24270817-24417740	+10:43077027-43130351	Mitelman
+22:41301522-41360147	-X:40049815-40177329	Mitelman
